{"cameraMode":{"drawMode":0,"name":"Shaded","section":"Shading Mode"},"sceneLighting":true,"audioPlay":false,"sceneViewState":{"showFog":true,"showMaterialUpdate":false,"showSkybox":true,"showFlares":true,"showImageEffects":true,"showParticleSystems":true,"showVisualEffectGraphs":true,"m_FxEnabled":true},"in2DMode":false,"pivot":{"x":17.93525505065918,"y":-6.072772979736328,"z":40.56629943847656},"rotation":{"x":0.41349172592163088,"y":0.009555429220199585,"z":-0.004339820239692926,"w":0.9104493856430054},"size":37.551029205322269,"orthographic":false}