{"cameraMode":{"drawMode":0,"name":"Shaded","section":"Shading Mode"},"sceneLighting":true,"audioPlay":false,"sceneViewState":{"showFog":true,"showMaterialUpdate":false,"showSkybox":true,"showFlares":true,"showImageEffects":true,"showParticleSystems":true,"showVisualEffectGraphs":true,"m_FxEnabled":true},"in2DMode":false,"pivot":{"x":13.949030876159668,"y":14.138795852661133,"z":27.394989013671876},"rotation":{"x":-0.6791354417800903,"y":0.029037905856966974,"z":-0.026906169950962068,"w":-0.7329450249671936},"size":20.963104248046876,"orthographic":false}