{"cameraMode":{"drawMode":0,"name":"Shaded","section":"Shading Mode"},"sceneLighting":true,"audioPlay":false,"sceneViewState":{"showFog":true,"showMaterialUpdate":false,"showSkybox":true,"showFlares":true,"showImageEffects":true,"showParticleSystems":true,"showVisualEffectGraphs":true,"m_FxEnabled":true},"in2DMode":false,"pivot":{"x":17.931690216064454,"y":-6.220771789550781,"z":40.396453857421878},"rotation":{"x":0.4148569405078888,"y":0.009548909030854702,"z":-0.0043541486375033859,"w":0.9098281264305115},"size":37.551029205322269,"orthographic":false}