{"cameraMode":{"drawMode":0,"name":"Shaded","section":"Shading Mode"},"sceneLighting":false,"audioPlay":false,"sceneViewState":{"showFog":true,"showMaterialUpdate":false,"showSkybox":false,"showFlares":true,"showImageEffects":true,"showParticleSystems":true,"showVisualEffectGraphs":true,"m_FxEnabled":true},"in2DMode":false,"pivot":{"x":0.18279874324798585,"y":0.15910863876342774,"z":0.19226408004760743},"rotation":{"x":0.020178724080324174,"y":-0.7133502960205078,"z":0.020556965842843057,"w":0.7002154588699341},"size":1.6266608238220215,"orthographic":false}