{"cameraMode":{"drawMode":0,"name":"Shaded","section":"Shading Mode"},"sceneLighting":true,"audioPlay":false,"sceneViewState":{"m_AlwaysRefresh":false,"showFog":true,"showSkybox":true,"showFlares":true,"showImageEffects":true,"showParticleSystems":true,"showVisualEffectGraphs":true,"m_FxEnabled":true},"in2DMode":false,"pivot":{"x":-12.319517135620118,"y":0.019535090774297715,"z":-7.011229991912842},"rotation":{"x":-0.04275374487042427,"y":0.4644255042076111,"z":-0.02245296724140644,"w":-0.8842962384223938},"size":20.418155670166017,"orthographic":false}